"Date","Post ID","Network","Post Type","Content Type","Profile","Sent by","Link","Post","Linked Content","Impressions","Organic Impressions","Paid Impressions","Reach","Organic Reach","Paid Reach","Potential Reach","Engagement Rate (per Impression)","Engagements","Reactions","Likes","Dislikes","Love Reactions","Haha Reactions","Wow Reactions","Sad Reactions","Angry Reactions","Comments","Shares","Saves","Post Link Clicks","SproutLink Clicks","Other Post Clicks","Post Clicks (All)","Other Engagements","Subscribers Gained from Video","Annotation Clicks","Card Clicks","Video Views","Organic Video Views","Paid Video Views","Partial Video Views","Organic Partial Video Views","Paid Partial Video Views","Full Video Views","Organic Full Video Views","Paid Full Video Views","Full Video View Rate","Follow Video Views","For You Video Views","Hashtag Video Views","Business Account Video Views","Sound Video Views","Unspecified Video Views","Estimated Minutes Watched","Story Taps Back","Story Taps Forward","Story Exits","Story Replies","Video Added to Playlists","Subscribers Lost from Video","Video Removed from Playlists","Average Video Time Watched (Seconds)","Poll Votes","Tags"
"1/11/2024 12:33 pm","1745408480041648190","X","'@Reply","Text","'@PDFExpert_"," ","https://twitter.com/PDFExpert_/status/1745408480041648190","'@j2bryson Hello! Thank you so much for the feedback and support, Joanna ‚ù§Ô∏è

 Could you please share this message with our support team at rdsupport@readdle.com? They will gladly investigate it in more detail and share information with our development team.

PS üá∫üá¶üí™",,"21","21","","","","","","42.86%","9","1","1","","","","","","","0","0","","","","8","8","0","","","","","","","","","","","","","","","","","","","","","","","","","","","","","",""
"2/1/2024 3:52 pm","1753068714759782820","X","'@Reply","Text","'@PDFExpert_"," ","https://twitter.com/PDFExpert_/status/1753068714759782820","'@JohnMachell1 @Jsj159 @Readdle Yes, we're of the issue and our developers are doing their best to fix it as quickly as possible üôè Thanks so much your patience and understanding",,"74","74","","","","","","21.62%","16","2","2","","","","","","","1","0","","","","13","13","0","","","","","","","","","","","","","","","","","","","","","","","","","","","","","",""
"4/18/2024 5:46 pm","1780986225714700757","X","'@Reply","Text","'@PDFExpert_"," ","https://twitter.com/PDFExpert_/status/1780986225714700757","'@wgx5mksn7k @jrjelinek Spotted your feedback. Thanks, Du≈°an, this means a lot ü´∂üí´",,"20","20","","","","","","20%","4","2","2","","","","","","","0","0","","","","2","2","0","","","","","","","","","","","","","","","","","","","","","","","","","","","","","",""
"2/12/2024 2:24 pm","1757032822781489494","X","'@Reply","Video","'@PDFExpert_"," ","https://twitter.com/PDFExpert_/status/1757032822781489494","'@JWellsTax @JoshYoungblood @itschrishuerta https://t.co/wsjnZnHTUd","https://twitter.com/PDFExpert_/status/1757032822781489494/photo/1","66","66","","","","","","18.18%","12","1","1","","","","","","","0","0","","","","10","10","1","","","","15","","","","","","","","","","","","","","","","","","","","","","","","","",""
"4/1/2024 3:58 pm","1774798486493335951","X","Post","Photo","'@PDFExpert_"," ","https://twitter.com/PDFExpert_/status/1774798486493335951","üï∞Ô∏è ""Do you manage time, or does time manage you?""

In this article, our content manager, Yevheniia, shares her journey through the classical millennial burnout trap.

Learn the key habits to break free from busyness and cultivate productivity ‚ö°Ô∏è

https://t.co/Xh8f0nbqEJ https://t.co/T9xmXSB3MO","http://bit.ly/pdfe_daily_habits, https://twitter.com/PDFExpert_/status/1774798486493335951/photo/1","1,242","1,242","","","","","37,754","13.61%","169","50","50","","","","","","","0","3","","20","","96","116","0","","","","","","","","","","","","","","","","","","","","","","","","","","","","","",""
"1/11/2024 11:03 am","1745385955266056677","X","Post","Video","'@PDFExpert_"," ","https://twitter.com/PDFExpert_/status/1745385955266056677","We're absolutely delighted to unwrap the BETA version of our AI Chat on iOS! üéâ

It‚Äôs available to users with a PDF Expert Premium subscription or users starting a Free Trial. Check out the quick start tutorial and give it a go üì±

üîó https://t.co/aqU3LwPsmV https://t.co/TtcZQhruAG","http://apple.co/4aRjBuU, https://twitter.com/PDFExpert_/status/1745385955266056677/video/1","1,077","1,077","","","","","4,176","13.37%","144","15","15","","","","","","","5","4","","12","","108","120","0","","","","352","","","","","","","","","","","","","","","","","","","","","","","","","",""
"2/7/2024 12:34 pm","1755193270525690266","X","'@Reply","Text","'@PDFExpert_"," ","https://twitter.com/PDFExpert_/status/1755193270525690266","'@ED_LeveyKC Thanks again for all these suggestions and ideas, and for starting this thread! I've shared everything with the team and added it as a feature request ‚ö°Ô∏è",,"222","222","","","","","","13.06%","29","1","1","","","","","","","2","0","","","","26","26","0","","","","","","","","","","","","","","","","","","","","","","","","","","","","","",""
"2/7/2024 11:08 am","1755171782070280650","X","'@Reply","Text","'@PDFExpert_"," ","https://twitter.com/PDFExpert_/status/1755171782070280650","'@ED_LeveyKC Thanks so much for your suggestion! Sounds like a really cool one. I've added it as a feature request for our product team üôå",,"39","39","","","","","","12.82%","5","1","1","","","","","","","0","0","","","","4","4","0","","","","","","","","","","","","","","","","","","","","","","","","","","","","","",""
"2/7/2024 10:42 am","1755165044952756575","X","'@Reply","Video","'@PDFExpert_"," ","https://twitter.com/PDFExpert_/status/1755165044952756575","'@ED_LeveyKC @Francis_Hoar @iambenmunro Edward, thank you for your kind words! We will do our best and keep impoving for you‚ù§Ô∏è https://t.co/lbNJQhlaRG","https://twitter.com/PDFExpert_/status/1755165044952756575/photo/1","74","74","","","","","","12.16%","9","4","4","","","","","","","1","0","","","","4","4","0","","","","37","","","","","","","","","","","","","","","","","","","","","","","","","",""
"4/15/2024 10:27 am","1779788517549228173","X","Post","Photo","'@PDFExpert_"," ","https://twitter.com/PDFExpert_/status/1779788517549228173","üåü Today, we're sharing feedback from our iPad users, highlighting their favorite features and essential benefits.

Each review is like stepping into a different user's story,
and we're grateful to all of you for being a crucial part of PDF Expert's growth! ‚ù§Ô∏è https://t.co/apUe6rqHQW","https://twitter.com/PDFExpert_/status/1779788517549228173/photo/1, https://twitter.com/PDFExpert_/status/1779788517549228173/photo/1","490","490","","","","","4,471","11.02%","54","7","7","","","","","","","0","1","","","","46","46","0","","","","","","","","","","","","","","","","","","","","","","","","","","","","","",""
"2/26/2024 3:01 pm","1762115697214181768","X","Post","Link","'@PDFExpert_"," ","https://twitter.com/PDFExpert_/status/1762115697214181768","üì±üí° Unlock the full potential of your iPad with PDF Expert! Besides note-taking, it provides options to create PDFs from photos, scan documents, merge files, and much more. 

Bookmark this guide and discover all the tips üßêhttps://t.co/ycmsT1rGjI","https://pdfexpert.com/blog/how-to-take-notes-on-ipad","795","795","","","","","4,015","10.44%","83","16","16","","","","","","","1","1","","10","","55","65","0","","","","","","","","","","","","","","","","","","","","","","","","","","","","","",""
"1/11/2024 5:27 pm","1745482497511596245","X","'@Reply","Text","'@PDFExpert_"," ","https://twitter.com/PDFExpert_/status/1745482497511596245","'@t_korner Hello üëã Thanks for your feedback! It's very important to us because the feature is still quite new, and we're gathering ideas for improvement. We've already created a feature request to have an option to hide or remove it in case the user doesn‚Äôt want to use it. 

I've added‚Ä¶",,"59","59","","","","","","10.17%","6","0","0","","","","","","","0","0","","","","6","6","0","","","","","","","","","","","","","","","","","","","","","","","","","","","","","",""
"2/20/2024 6:14 pm","1759989897832649071","X","Post","Link","'@PDFExpert_"," ","https://twitter.com/PDFExpert_/status/1759989897832649071","""If you make a lot of use of PDFs and haven't yet come across PDF Expert, you really should give it a try ‚Äî it's an outstanding PDF editor for Apple devices.""

Big thanks to @jonnyevans_cw for highlighting PDF Expert in your recent article üß© 

https://t.co/27ywEBCB4o","http://bit.ly/visionpro_pdfe","838","838","","","","","4,007","9.9%","83","13","13","","","","","","","2","1","","6","","61","67","0","","","","","","","","","","","","","","","","","","","","","","","","","","","","","",""
"3/12/2024 12:30 pm","1767513536454963678","X","Post","Photo","'@PDFExpert_"," ","https://twitter.com/PDFExpert_/status/1767513536454963678","üçé How about giving your iPad an upgrade with some new apps?

We've handpicked 8 interesting productivity-boosting apps from Apple Store recommendations and our own discoveries.

Save the list and share your favorite iPad app finds or hidden gems üì± https://t.co/sspmJtt4lT","https://twitter.com/PDFExpert_/status/1767513536454963678/photo/1","422","422","","","","","4,144","9.48%","40","6","6","","","","","","","0","1","","2","","31","33","0","","","","","","","","","","","","","","","","","","","","","","","","","","","","","",""
"1/30/2024 5:27 pm","1752367910826160583","X","Post","Link","'@PDFExpert_"," ","https://twitter.com/PDFExpert_/status/1752367910826160583","üåü Meet Giorgia Calvi, TikTok vlogger with 40k followers, our second guest in Sustainable Productivity Talks!

On her vlog, she shares aesthetically-pleasing learning videos, and motivates her audience to romanticize studying.

Read the full story here üìö
https://t.co/Fw5T0QynP5","http://pdfexpert.com/blog/user-story-giorgia","743","743","","","","","4,701","9.42%","70","26","26","","","","","","","0","3","","8","","33","41","0","","","","","","","","","","","","","","","","","","","","","","","","","","","","","",""
"4/22/2024 12:05 pm","1782349894067315104","X","Post","Photo","'@PDFExpert_"," ","https://twitter.com/PDFExpert_/status/1782349894067315104","Ready to unlock a new level of precision?

Read our blog and learn how to harness the full potential of @PDFExpert_ Measurement tools on Mac ¬† üíª üîç

https://t.co/RAmxDvQ1a4 https://t.co/XP9PmnDIdE","http://bit.ly/measurementtools_blog, https://twitter.com/PDFExpert_/status/1782349894067315104/photo/1","846","846","","","","","4,063","8.63%","73","11","11","","","","","","","0","1","","16","","45","61","0","","","","","","","","","","","","","","","","","","","","","","","","","","","","","",""
"2/1/2024 3:51 pm","1753068441378947210","X","'@Reply","Text","'@PDFExpert_"," ","https://twitter.com/PDFExpert_/status/1753068441378947210","'@Jsj159 @Readdle Hello!  Thank you very much for your message and for bringing this issue to our attention again.

 It's true that we have encountered a problem related to extensive RAM usage, and we have created an entry in our bug-tracking system. 

Our developers are doing their best to fix it‚Ä¶",,"24","24","","","","","","8.33%","2","0","0","","","","","","","0","0","","","","2","2","0","","","","","","","","","","","","","","","","","","","","","","","","","","","","","",""
"1/11/2024 11:24 am","1745391257696731583","X","'@Reply","Link","'@PDFExpert_"," ","https://twitter.com/PDFExpert_/status/1745391257696731583","'@mvndt Hello! Thanks so much for your feedback about AI Chatüëã We've recently launched a BETA version of AI Chat on Mac as well. To use the new BETA version of AI Chat, you need to install the latest version of PDF Expert on your Mac here: https://t.co/wpGMzeb0Oo Please note: our BETA‚Ä¶","https://pdfexpert.com/downloads","24","24","","","","","","8.33%","2","0","0","","","","","","","0","0","","1","","1","2","0","","","","","","","","","","","","","","","","","","","","","","","","","","","","","",""
"4/29/2024 12:25 pm","1784891734507274549","X","Post","Text","'@PDFExpert_"," ","https://twitter.com/PDFExpert_/status/1784891734507274549","üìÑüí° How much paper do you think PDF Expert saves you weekly?",,"910","910","","","","","4,054","8.13%","74","10","10","","","","","","","0","1","","","","52","52","11","","","","","","","","","","","","","","","","","","","","","","","","","","","","","",""
"4/22/2024 4:05 pm","1782410334432604349","X","Post","Photo","'@PDFExpert_"," ","https://twitter.com/PDFExpert_/status/1782410334432604349","üåé Today, the world marks #EarthDay!

Let's talk about making a difference - starting with paper usage. Check out our blog for 5 easy ways to go paperless. From digitizing docs to e-signatures, every small change counts üìù

Read more and spread the word:
https://t.co/AhKjAGEetF https://t.co/5rVhXVn5rs","http://bit.ly/paperless_tips, https://twitter.com/PDFExpert_/status/1782410334432604349/photo/1","621","621","","","","","4,060","7.73%","48","14","14","","","","","","","0","1","","3","","30","33","0","","","","","","","","","","","","","","","","","","","","","","","","","","","","","",""
"2/15/2024 11:14 am","1758072387159887875","X","'@Reply","Text","'@PDFExpert_"," ","https://twitter.com/PDFExpert_/status/1758072387159887875","'@KVD2280 Thank you for sharing this heartwarming feedback üòç",,"39","39","","","","","","7.69%","3","1","1","","","","","","","0","0","","","","2","2","0","","","","","","","","","","","","","","","","","","","","","","","","","","","","","",""
"1/11/2024 5:45 pm","1745486981591654643","X","'@Reply","Text","'@PDFExpert_"," ","https://twitter.com/PDFExpert_/status/1745486981591654643","'@GameDevTeacher Hello Markus! üëã Thanks for your comment. We've already submitted a feature request to include an option for users to hide or remove it in case they don‚Äôt want to use it. Would you like me to add your vote to it?",,"65","65","","","","","","7.69%","5","0","0","","","","","","","1","0","","","","4","4","0","","","","","","","","","","","","","","","","","","","","","","","","","","","","","",""
"2/1/2024 5:17 pm","1753090230737908091","X","Post","Video","'@PDFExpert_"," ","https://twitter.com/PDFExpert_/status/1753090230737908091","üì±‚ú® Ready to unlock new dimensions of productivity with PDF Expert?

Stay tuned for some exciting news tomorrow ü§´ https://t.co/bkCtUl9ABd","https://twitter.com/PDFExpert_/status/1753090230737908091/video/1","1,617","1,617","","","","","6,616","7.36%","119","32","32","","","","","","","0","5","","","","82","82","0","","","","363","","","","","","","","","","","","","","","","","","","","","","","","","",""
"4/22/2024 3:58 pm","1782408752664305772","X","'@Reply","Text","'@PDFExpert_"," ","https://twitter.com/PDFExpert_/status/1782408752664305772","'@v1rus_one @MlindyMrinal @browsercompany @SparkMailApp @Readdle @BearNotesApp @SortedHQ @NotePlanApp ü´∂üòä",,"136","136","","","","","","7.35%","10","1","1","","","","","","","0","0","","","","9","9","0","","","","","","","","","","","","","","","","","","","","","","","","","","","","","",""
"3/7/2024 3:08 pm","203472453481923_1198577757859602","Facebook","Post","Link","PDF Expert"," ","https://www.facebook.com/817852325932149/posts/1198577757859602","Yes, tackling tax forms can be a headache ü§ï 

However, with simple rules, qualified help, and the right tools, it can certainly be manageable. Our PDF Expert team has compiled a comprehensive IRS tax guide with tips, links to the latest templates, and advice on avoiding common mistakes. 

Check it out üíº","https://pdfexpert.com/blog/fill-out-tax-forms-2023","38,464","496","37,968","21,439","397","21,173","","7.33%","2,818","51","47","","3","0","1","0","0","10","33","","1,104","","1,620","2,724","","","","","","","","","","","","","","","","","","","","","","","","","","","","","","",""
"3/20/2024 5:15 pm","1770484268960973221","X","Post","Photo","'@PDFExpert_"," ","https://twitter.com/PDFExpert_/status/1770484268960973221","üë∑‚Äç‚ôÇÔ∏è Meet Serkan @53rkan, a Project Manager with an Electrical Engineering background and a devoted PDF Expert user.

His days are busy: overseeing projects, managing teams, and ensuring timely delivery. All with PDF Expert, a game-changer in his toolkit ‚¨áÔ∏è

https://t.co/4wmuuMPcT3 https://t.co/XHIqPf5qhQ","http://bit.ly/measure_tools, https://twitter.com/PDFExpert_/status/1770484268960973221/photo/1","872","872","","","","","4,238","7.22%","63","10","10","","","","","","","0","2","","8","","43","51","0","","","","","","","","","","","","","","","","","","","","","","","","","","","","","",""
"2/9/2024 9:17 am","1755868435119055241","X","Post","Photo","'@PDFExpert_"," ","https://twitter.com/PDFExpert_/status/1755868435119055241","We always listen to our users - your feedback and stories inspire us and get us going ‚ù§Ô∏è 

Our audience is incredible, talented, and diverse - we spotlighted a Latin professor from Denmark, a businessman from Poland, and a TikTok star from Italy.¬† 

How does PDF Expert fit into‚Ä¶ https://t.co/UHfem65SAy","https://twitter.com/PDFExpert_/status/1755868435119055241/photo/1","1,280","1,280","","","","","4,003","7.03%","90","18","18","","","","","","","3","2","","17","","50","67","0","","","","","","","","","","","","","","","","","","","","","","","","","","","","","",""
"4/22/2024 6:26 pm","1782445859394711609","X","Post","Photo","'@PDFExpert_"," ","https://twitter.com/PDFExpert_/status/1782445859394711609","PDF Expert is your all-in-one solution for going paperless on iPhone, iPad, and Mac üìÑ

With high-quality scans, OCR for recognizing text, e-signatures, and advanced annotating tools, managing PDFs has never been easier.

Download the app üåé 
https://t.co/SFaags5Th7

#EarthDay https://t.co/4VhNIRpmwn","http://bit.ly/your_pdf_expert, https://twitter.com/PDFExpert_/status/1782445859394711609/photo/1","1,016","1,016","","","","","31,299","6.89%","70","15","15","","","","","","","0","1","","10","","44","54","0","","","","","","","","","","","","","","","","","","","","","","","","","","","","","",""
"1/17/2024 1:24 pm","1747595805488279635","X","Post","Link","'@PDFExpert_"," ","https://twitter.com/PDFExpert_/status/1747595805488279635","As 2024 kicks in, we're launching Sustainable Productivity Talks to set the right tone for the year üå± 

Our first guest, @FrancescoD_Ales, founder of @KeepProductive, shares his productivity tips, insights on work/life balance, and must-have apps üåü

https://t.co/0ZTSVYd2H5","https://pdfexpert.com/blog/user-story-francesco","2,294","2,294","","","","","31,270","6.89%","158","13","13","","","","","","","2","3","","38","","102","140","0","","","","","","","","","","","","","","","","","","","","","","","","","","","","","",""
"2/20/2024 7:11 pm","1760004187021291915","X","Post","Text","'@PDFExpert_"," ","https://twitter.com/PDFExpert_/status/1760004187021291915","üçé It's been over two weeks since the official release of Apple Vision Pro, so we're curious ‚Äì what are your thoughts or feedback? Considering buying it someday in the future? üëÄ",,"693","693","","","","","3,988","6.64%","46","8","8","","","","","","","0","0","","","","25","25","13","","","","","","","","","","","","","","","","","","","","","","","","","","","","","",""
"3/12/2024 1:25 pm","1767527355558289534","X","Post","Photo","'@PDFExpert_"," ","https://twitter.com/PDFExpert_/status/1767527355558289534","üçé How about giving your iPad an upgrade with some new apps?

We've handpicked 8 interesting productivity-boosting apps from Apple Store recommendations and our own discoveries.

Save the list and share your favorite iPad app finds or hidden gems üì± https://t.co/7MWLoiuyVM","https://twitter.com/PDFExpert_/status/1767527355558289534/photo/1","1,183","1,183","","","","","4,037","6.17%","73","11","11","","","","","","","0","1","","2","","59","61","0","","","","","","","","","","","","","","","","","","","","","","","","","","","","","",""
"2/7/2024 12:25 pm","1755191005060513963","X","'@Reply","Text","'@PDFExpert_"," ","https://twitter.com/PDFExpert_/status/1755191005060513963","'@ED_LeveyKC @CharlieRadUK @JasonBraier Just forwarded your words directly to the team üåü",,"49","49","","","","","","6.12%","3","1","1","","","","","","","0","0","","","","2","2","0","","","","","","","","","","","","","","","","","","","","","","","","","","","","","",""
"4/5/2024 3:24 pm","1776239562785743238","X","Post","Photo","'@PDFExpert_"," ","https://twitter.com/PDFExpert_/status/1776239562785743238","The deadline for tax filing for the US is approaching fast - this year it‚Äôs April 15th.

We've gathered all the essential IRS tax forms templates in one place to help you make your tax filing process as easy as possible.

Follow the link üìåüìë
https://t.co/0Ovh88cL1C https://t.co/E3Q0tmYO7g","http://bit.ly/pdf_irs_templates, https://twitter.com/PDFExpert_/status/1776239562785743238/photo/1","775","775","","","","","4,057","5.94%","46","8","8","","","","","","","0","1","","6","","31","37","0","","","","","","","","","","","","","","","","","","","","","","","","","","","","","",""
"3/26/2024 6:43 pm","1772680851047727502","X","'@Reply","Text","'@PDFExpert_"," ","https://twitter.com/PDFExpert_/status/1772680851047727502","'@HeyMarkL @BackdropsApp @structured_app @craftdocsapp @Lightroom @lakecoloring Thanks for the awesome video, Mark! We're honored to be included in such great company üòä",,"135","135","","","","","","5.93%","8","1","1","","","","","","","0","0","","","","7","7","0","","","","","","","","","","","","","","","","","","","","","","","","","","","","","",""
"4/8/2024 4:41 pm","203472453481923_1221114445605933","Facebook","Post","Photo","PDF Expert"," ","https://www.facebook.com/817852325932149/posts/1221114445605933","The deadline for tax filing for the US is approaching fast - this year it‚Äôs April 15th. 

üìå We've gathered all the essential IRS tax forms templates in one place to help you make your tax filing process as easy as possible: bit.ly/irs_forms_pdfexpert

Learn how to fill out and submit various IRS tax form PDFs using PDF Expert üìë","https://www.facebook.com/photo.php?fbid=1221112322272812&set=a.817849129265802&type=3","1,204","220","984","998","174","817","","5.65%","68","40","35","","1","1","2","0","1","8","3","","7","","10","17","","","","","","","","","","","","","","","","","","","","","","","","","","","","","","",""
"1/22/2024 12:17 pm","1749390821273506164","X","'@Reply","Text","'@PDFExpert_"," ","https://twitter.com/PDFExpert_/status/1749390821273506164","'@Rawan_AlFuraih ü§©üåüThanks so much for being part of our journey!",,"90","90","","","","","","5.56%","5","1","1","","","","","","","0","0","","","","4","4","0","","","","","","","","","","","","","","","","","","","","","","","","","","","","","",""
"3/28/2024 5:14 pm","1773383099868401723","X","Quote","Photo","'@PDFExpert_"," ","https://twitter.com/PDFExpert_/status/1773383099868401723","üí´ Just spotted on YouTube: @HeyMarkL highlighted PDF Expert as one of the insanely useful iPad apps in his recent video!

https://t.co/tEw1T35Oeo ","https://youtu.be/7q7K53HcBIw?t=221, https://twitter.com/PDFExpert_/status/1773383099868401723/photo/1","1,616","1,616","","","","","4,169","5.51%","89","13","13","","","","","","","1","2","","14","","59","73","0","","","","","","","","","","","","","","","","","","","","","","","","","","","","","",""
"1/23/2024 12:17 pm","1749753274712911991","X","Post","Photo","'@PDFExpert_"," ","https://twitter.com/PDFExpert_/status/1749753274712911991","‚ÄòIdeal for those who are PDF-hungry.‚Äô

Beautifully said, @FrancescoD_Ales! Thank you for sharing your wisdom with us and being our first guest on Sustainable Productivity Talks. üí°

üîó Dive into the full interview: 
https://t.co/yLHEnbA70L https://t.co/lZumb2XXcK","http://pdfexpert.com/blog/user-story-francesco, https://twitter.com/PDFExpert_/status/1749753274712911991/photo/1","674","674","","","","","3,979","5.49%","37","11","11","","","","","","","0","2","","6","","18","24","0","","","","","","","","","","","","","","","","","","","","","","","","","","","","","",""
"2/14/2024 4:48 pm","1757793900469662024","X","Post","Photo","'@PDFExpert_"," ","https://twitter.com/PDFExpert_/status/1757793900469662024","Valentine's Day is the perfect day to celebrate your feedback about PDF Expert. It's that moment when the good feelings are absolutely mutual ‚ô•Ô∏è

Thanks for being part of our journey and helping us grow since day one üòâ https://t.co/nHzWQOMUra","https://twitter.com/PDFExpert_/status/1757793900469662024/photo/1, https://twitter.com/PDFExpert_/status/1757793900469662024/photo/1","819","819","","","","","4,001","5.37%","44","11","11","","","","","","","1","2","","","","30","30","0","","","","","","","","","","","","","","","","","","","","","","","","","","","","","",""
"2/2/2024 2:27 pm","1753409687821680773","X","Post","Link","'@PDFExpert_"," ","https://twitter.com/PDFExpert_/status/1753409687821680773","Let us give you a taste of PDF Expert on #AppleVisionPro üñçÔ∏è

Extend your PDF editing canvas: work on multiple documents at once with focus and precision. Dive into text and enjoy an infinite space for project creation.

Read more on our blog üëÄ
https://t.co/pUiqHWxuaH","https://bit.ly/blog_visionpro","3,267","3,267","","","","","34,939","5.3%","173","22","22","","","","","","","2","4","","82","","62","144","1","","","","","","","","","","","","","","","","","","","","","","","","","","","","","",""
"1/11/2024 6:12 pm","1745493850578174130","X","'@Reply","Video","'@PDFExpert_"," ","https://twitter.com/PDFExpert_/status/1745493850578174130","'@Rachael_Ll0yd https://t.co/nbTcZdLBob","https://twitter.com/PDFExpert_/status/1745493850578174130/photo/1","59","59","","","","","","5.08%","3","1","1","","","","","","","0","0","","","","2","2","0","","","","29","","","","","","","","","","","","","","","","","","","","","","","","","",""
"4/23/2024 10:53 am","1782694211487252670","X","'@Reply","Text","'@PDFExpert_"," ","https://twitter.com/PDFExpert_/status/1782694211487252670","'@imaginet Yes, you can use Measurement tools on iOS as part of the PRO subscription (for iPhone and iPad). Here's how:

Open a file you‚Äôd like to work with.
Select the Measure tab at the top.
Choose the –°alibrate tool to set the scale, then select the Distance, Area, or Perimeter tool‚Ä¶",,"80","80","","","","","","5%","4","0","0","","","","","","","0","0","","","","4","4","0","","","","","","","","","","","","","","","","","","","","","","","","","","","","","",""
"4/1/2024 4:43 pm","203472453481923_1216258322758212","Facebook","Post","Photo","PDF Expert"," ","https://www.facebook.com/817852325932149/posts/1216258322758212","üí´ Just spotted on YouTube: Mark Linsangan highlighted PDF Expert as one of the insanely useful iPad apps in his recent video! 

https://youtu.be/7q7K53HcBIw?t=221","https://www.facebook.com/photo.php?fbid=1216258112758233&set=a.817849129265802&type=3","2,804","183","2,621","2,132","152","2,014","","4.96%","139","105","96","","6","0","2","0","1","0","2","","3","","29","32","","","","","","","","","","","","","","","","","","","","","","","","","","","","","","",""
"2/29/2024 3:20 pm","1763207610235257277","X","Post","Link","'@PDFExpert_"," ","https://twitter.com/PDFExpert_/status/1763207610235257277","Leap day? 
Well, finally, an extra day to do your taxes üóìÔ∏èüíº

#LeapDay #TaxSeason 
https://t.co/mC6H41iBR0","https://pdfexpert.com/blog/fill-out-tax-forms-2023","675","675","","","","","4,029","4.89%","33","6","6","","","","","","","0","1","","6","","20","26","0","","","","","","","","","","","","","","","","","","","","","","","","","","","","","",""
"2/28/2024 8:35 am","1762743399193411759","X","Post","Video","'@PDFExpert_"," ","https://twitter.com/PDFExpert_/status/1762743399193411759","üîñ The go-to app for iPad reading? You guessed it right. PDF Expert offers a delightful reading journey. 

Here are 7 tips to enhance the reading experience on your iPad with PDF Expert. https://t.co/yHqO8GpDGA","https://twitter.com/PDFExpert_/status/1762743399193411759/video/1","2,564","2,564","","","","","31,402","4.88%","125","11","11","","","","","","","1","4","","","","109","109","0","","","","730","","","","","","","","","","","","","","","","","","","","","","","","","",""
"1/23/2024 5:39 pm","1749834177044779189","X","Post","Photo","'@PDFExpert_"," ","https://twitter.com/PDFExpert_/status/1749834177044779189","In our recent article featuring @FrancescoD_Ales, he unveils the essential productivity apps he can‚Äôt live without üì±

üèÉ‚Äç‚ôÇÔ∏è  @WHOOP  is a fitness-tracking app
‚òëÔ∏è @todoist  is a task manager and to-do list app
üì∑ Photos is a native app for managing photos

What are your top 3 apps? https://t.co/ebHjNd8ONp","https://twitter.com/PDFExpert_/status/1749834177044779189/photo/1","904","904","","","","","3,980","4.87%","44","13","13","","","","","","","0","2","","","","29","29","0","","","","","","","","","","","","","","","","","","","","","","","","","","","","","",""
"2/2/2024 2:08 pm","1753404988636713234","X","Post","Video","'@PDFExpert_"," ","https://twitter.com/PDFExpert_/status/1753404988636713234","PDF Expert, a pioneer on the original App Store in '08, is now among the first on #AppleVisionPro! üçé

Our iPad app is fully compatible with visionOS, bringing beloved PDF reading and editing options to an endless screen.

Download PDF Expert on the App Store üì≤ https://t.co/HCrRKn6zhr","https://twitter.com/PDFExpert_/status/1753404988636713234/video/1","3,915","3,915","","","","","40,749","4.83%","189","35","35","","","","","","","1","12","","1","","140","141","0","","","","965","","","","","","","","","","","","","","","","","","","","","","","","","",""
"2/14/2024 4:56 pm","203472453481923_1184170902633621","Facebook","Post","Photo","PDF Expert"," ","https://www.facebook.com/817852325932149/posts/1184170902633621","Valentine's Day is the perfect day to celebrate your feedback about PDF Expert. It's that moment when the good feelings are absolutely mutual ‚ô•Ô∏è

Thanks for being part of our journey and helping us grow since day one üòâ","https://www.facebook.com/817852325932149/posts/1184170902633621","6,221","343","5,878","5,014","300","4,785","","4.76%","296","173","168","","3","1","1","0","0","9","4","","","","110","110","","","","","","","","","","","","","","","","","","","","","","","","","","","","","","",""
"4/17/2024 1:11 pm","1780554651378634950","X","Post","Video","'@PDFExpert_"," ","https://twitter.com/PDFExpert_/status/1780554651378634950","Measurement tools are now on Mac üñ•Ô∏è üìè

We've heard your requests loud and clear, and we're thrilled to announce that the same measurement tools you use and love on iOS are now available on Mac.

‚¨áÔ∏è Download the latest version of the PDF Expert:
https://t.co/dEAhUZdBs4 https://t.co/XKESEU8H8f","http://bit.ly/pdfe_mac, https://twitter.com/PDFExpert_/status/1780554651378634950/video/1","6,178","6,178","","","","","32,441","4.6%","284","50","50","","","","","","","3","5","","14","","208","222","4","","","","906","","","","","","","","","","","","","","","","","","","","","","","","","",""
"1/10/2024 2:19 pm","1745072886132461626","X","'@Reply","Text","'@PDFExpert_"," ","https://twitter.com/PDFExpert_/status/1745072886132461626","'@Simply_GenX Hello! Our team would love to hear your feedback on product improvements and ideas. Could you please send this message to rdsupport@readdle.com? ‚ù§Ô∏èüôè",,"22","22","","","","","","4.55%","1","0","0","","","","","","","0","0","","","","1","1","0","","","","","","","","","","","","","","","","","","","","","","","","","","","","","",""
"2/2/2024 5:11 pm","1753451191504089350","X","'@Reply","Text","'@PDFExpert_"," ","https://twitter.com/PDFExpert_/status/1753451191504089350","'@Michae1Salter @42BR_Barristers We're ready to be there with you in your Minority Report or Ready Player One kind of reality üëÄ

Hope it will be a bit more positive than in the movies üòâ",,"67","67","","","","","","4.48%","3","0","0","","","","","","","1","0","","","","2","2","0","","","","","","","","","","","","","","","","","","","","","","","","","","","","","",""
"4/11/2024 9:09 am","1778319415882252401","X","'@Reply","Text","'@PDFExpert_"," ","https://twitter.com/PDFExpert_/status/1778319415882252401","'@v1rus_one @SortedHQ @Readdle We make PDF easy üòé",,"69","69","","","","","","4.35%","3","2","2","","","","","","","0","0","","","","1","1","0","","","","","","","","","","","","","","","","","","","","","","","","","","","","","",""
"2/20/2024 6:53 pm","1759999825079349495","X","'@Reply","Text","'@PDFExpert_"," ","https://twitter.com/PDFExpert_/status/1759999825079349495","'@kieran_downey @jonnyevans_cw Hi Kieran!üëã  If this request is related to the iOS app, unfortunately, it is not possible at the moment. However, we've added your vote to the list of improvements, and the product team will review it before further updates üìù",,"93","93","","","","","","4.3%","4","1","1","","","","","","","0","0","","","","3","3","0","","","","","","","","","","","","","","","","","","","","","","","","","","","","","",""
"2/22/2024 3:28 pm","1760672809863577629","X","Quote","Link","'@PDFExpert_"," ","https://twitter.com/PDFExpert_/status/1760672809863577629","'@SS2_spacewrench @SparkMailApp @Headspace @forestapp_cc @AppleVisionPro Hello Dum! I'm so sorry for the delayed reply. Here's the answer ‚ù§Ô∏è ","https://twitter.com/PDFExpert_/status/1753404988636713234","120","120","","","","","","4.17%","5","1","1","","","","","","","0","0","","0","","4","4","0","","","","","","","","","","","","","","","","","","","","","","","","","","","","","",""
"1/23/2024 10:47 am","1749730623332262119","X","'@Reply","Text","'@PDFExpert_"," ","https://twitter.com/PDFExpert_/status/1749730623332262119","'@matsigh Oh no! It's supposed to work smoothly. 
Could you please resend this message to rdsupport@readdle.com? Our dedicated support team will assist with the issue and help in fixing it asap üîß‚öôÔ∏è",,"73","73","","","","","","4.11%","3","1","1","","","","","","","0","0","","","","2","2","0","","","","","","","","","","","","","","","","","","","","","","","","","","","","","",""
"3/18/2024 5:18 pm","1769760243729289662","X","Post","Link","'@PDFExpert_"," ","https://twitter.com/PDFExpert_/status/1769760243729289662","Tackling tax forms can be a headache ü§ï

However, with simple rules, the right tools, and qualified help, it can be manageable. We've compiled an IRS tax guide with tips, links to templates, and advice on avoiding common mistakes.

Check it out üíº
https://t.co/haONKdLdyv","https://pdfexpert.com/blog/fill-out-tax-forms-2023?utm_source=twitter&utm_medium=social_media&utm_campaign=taxseason","516","516","","","","","4,043","4.07%","21","6","6","","","","","","","0","1","","6","","8","14","0","","","","","","","","","","","","","","","","","","","","","","","","","","","","","",""
"3/27/2024 10:55 am","1772925394699554978","X","Post","Photo","'@PDFExpert_"," ","https://twitter.com/PDFExpert_/status/1772925394699554978","Tackling tax forms can be a headache ü§ï

However, with simple rules, the right tools, and qualified help, it can be manageable. We've compiled an IRS tax guide with tips, links to templates, and advice on avoiding common mistakes.

Check it out üíº
https://t.co/OjZt56gR1M https://t.co/0UN62PNciT","http://bit.ly/taxseason_guide, https://twitter.com/PDFExpert_/status/1772925394699554978/photo/1","812","812","","","","","4,041","4.06%","33","7","7","","","","","","","0","1","","4","","21","25","0","","","","","","","","","","","","","","","","","","","","","","","","","","","","","",""
"2/15/2024 11:10 am","1758071225262260422","X","'@Reply","Video","'@PDFExpert_"," ","https://twitter.com/PDFExpert_/status/1758071225262260422","'@SS2_spacewrench üòâ We're glad you appreciated our hard work and new updates! https://t.co/O1sWFKgEjy","https://twitter.com/PDFExpert_/status/1758071225262260422/photo/1","99","99","","","","","","4.04%","4","1","1","","","","","","","0","0","","","","3","3","0","","","","7","","","","","","","","","","","","","","","","","","","","","","","","","",""
"1/23/2024 5:12 pm","203472453481923_1168524710864907","Facebook","Post","Photo","PDF Expert"," ","https://www.facebook.com/817852325932149/posts/1168524710864907","‚ÄòIdeal for those who are PDF-hungry.‚Äô

Francesco D'Alessio, our debut guest on Sustainable Productivity Talks, beautifully described PDF Expert.üí°

üîó Check out the full interview for practical tools and productivity techniques to try in 2024: pdfexpert.com/blog/user-story-francesco","https://www.facebook.com/photo.php?fbid=1168524170864961&set=a.817849129265802&type=3","1,782","123","1,659","1,347","95","1,260","","3.93%","70","32","28","","3","0","1","0","0","3","3","","1","","31","32","","","","","","","","","","","","","","","","","","","","","","","","","","","","","","",""
"4/17/2024 11:39 am","1780531585055338726","X","Quote","Text","'@PDFExpert_"," ","https://twitter.com/PDFExpert_/status/1780531585055338726","Thanks, @_alexbrogan, for highlighting PDF Expert in your thread as one of the 10 most useful Mac apps! 

Our team really appreciates it üí´",,"1,160","1,160","","","","","4,031","3.88%","45","10","10","","","","","","","2","0","","","","33","33","0","","","","","","","","","","","","","","","","","","","","","","","","","","","","","",""
"4/17/2024 4:30 pm","1780604699202506940","X","'@Reply","Text","'@PDFExpert_"," ","https://twitter.com/PDFExpert_/status/1780604699202506940","'@sprke81 @Readdle Indeed, it's a much-awaited feature for Mac users. Thank you for your patience! üòâüíª",,"141","141","","","","","","3.55%","5","1","1","","","","","","","1","0","","","","3","3","0","","","","","","","","","","","","","","","","","","","","","","","","","","","","","",""
"2/29/2024 3:03 pm","203472453481923_1194027738314604","Facebook","Post","Link","PDF Expert"," ","https://www.facebook.com/817852325932149/posts/1194027738314604","Leap day?
Well, finally, an extra day to do your taxes üóìÔ∏èüíº","https://pdfexpert.com/blog/fill-out-tax-forms-2023","790","192","598","727","154","587","","3.54%","28","13","7","","4","2","0","0","0","0","1","","7","","7","14","","","","","","","","","","","","","","","","","","","","","","","","","","","","","","",""
"1/3/2024 10:31 am","1742478823558443196","X","'@Reply","Text","'@PDFExpert_"," ","https://twitter.com/PDFExpert_/status/1742478823558443196","'@bobgourley Hello Bob üëã Thrilled you love the latest PDF Expert beta update!  It's just the beginning‚Äîmore AI Chat news on the way üí¨",,"57","57","","","","","","3.51%","2","0","0","","","","","","","0","0","","","","2","2","0","","","","","","","","","","","","","","","","","","","","","","","","","","","","","",""
"1/25/2024 12:53 pm","203472453481923_1169832934067418","Facebook","Post","Photo","PDF Expert"," ","https://www.facebook.com/817852325932149/posts/1169832934067418","In our recent article, Francesco D'Alessio, an expert in productivity apps and the host of the Keep Productive YouTube show with over 348k subscribers, shares the essential apps he can't live without üì±

üèÉ WHOOP: A fitness-tracking app.
‚òëÔ∏è Todoist: A task manager and to-do list app.
üì∑ Photos: An app for managing photos.

Read the full interview to learn about the hobbies that serve as his sanctuary for relaxation and his thoughts on sustainable productivity:  pdfexpert.com/blog/user-story-francesco","https://www.facebook.com/photo.php?fbid=1169830130734365&set=a.817849129265802&type=3","2,006","675","1,331","1,612","636","990","","3.39%","68","42","39","","2","0","1","0","0","6","1","","1","","18","19","","","","","","","","","","","","","","","","","","","","","","","","","","","","","","",""
"1/22/2024 11:53 am","1749384754275746013","X","'@Reply","Text","'@PDFExpert_"," ","https://twitter.com/PDFExpert_/status/1749384754275746013","'@DavidLinguist Hey David! We appreciate your concerns about PDF Expert's privacy safeguards.  If you have specific concerns, could you please share with us at rdsupport@readdle.com? Please note that this feature is still in BETA, and we're continuously working on improvements üôå",,"33","33","","","","","","3.03%","1","0","0","","","","","","","0","0","","","","1","1","0","","","","","","","","","","","","","","","","","","","","","","","","","","","","","",""
"2/13/2024 3:14 pm","203472453481923_1183409959376382","Facebook","Post","Photo","PDF Expert"," ","https://www.facebook.com/817852325932149/posts/1183409959376382","We always listen to our users - your feedback and stories inspire us and get us going ‚ù§Ô∏è 

Our audience is incredible, talented, and diverse - we spotlighted a Latin professor from Denmark, a businessman from Poland, and a TikTok star from Italy.  

How does PDF Expert fit into your daily life? Share your unique story with us.

üëá Just fill out the form, we‚Äôll be in touch soon, and may choose your story to be featured in our blog and social media!

http://readdle.typeform.com/to/w15889As üîó","https://www.facebook.com/photo.php?fbid=1183409876043057&set=a.817849129265802&type=3","4,593","485","4,108","3,006","329","2,670","","2.94%","135","93","88","","5","0","0","0","0","0","3","","1","","38","39","","","","","","","","","","","","","","","","","","","","","","","","","","","","","","",""
"2/8/2024 9:35 am","1755510604364738830","X","'@Reply","Text","'@PDFExpert_"," ","https://twitter.com/PDFExpert_/status/1755510604364738830","'@semaphorist Noted! I've forwarded your suggestions to our team ‚úçÔ∏è",,"112","112","","","","","","2.68%","3","1","1","","","","","","","0","0","","","","2","2","0","","","","","","","","","","","","","","","","","","","","","","","","","","","","","",""
"2/2/2024 10:54 am","1753356197145501817","X","'@Reply","Text","'@PDFExpert_"," ","https://twitter.com/PDFExpert_/status/1753356197145501817","'@raywongy What are your favorite apps on Vision Pro so far? üòâ",,"38","38","","","","","","2.63%","1","0","0","","","","","","","0","0","","","","1","1","0","","","","","","","","","","","","","","","","","","","","","","","","","","","","","",""
"4/23/2024 8:59 am","203472453481923_1231553747895336","Facebook","Post","Photo","PDF Expert"," ","https://www.facebook.com/817852325932149/posts/1231553747895336","PDF Expert is your all-in-one solution for going paperless on iPhone, iPad, and Mac üìÑ

With high-quality scans, OCR for recognizing text, e-signatures, and advanced annotating tools, managing PDFs has never been easier. Merge, compress, and share files with ease. 

Say hello to a clutter-free digital workspace üåç 
Download the app today: bit.ly/your_pdf_editor 

#earthdayeveryday","https://www.facebook.com/photo.php?fbid=1231552444562133&set=a.817849129265802&type=3","4,294","377","3,917","3,499","326","3,178","","2.28%","98","46","44","","2","0","0","0","0","4","2","","3","","43","46","","","","","","","","","","","","","","","","","","","","","","","","","","","","","","",""
"2/20/2024 6:15 pm","203472453481923_1188211392229572","Facebook","Post","Link","PDF Expert"," ","https://www.facebook.com/817852325932149/posts/1188211392229572","""If you make a lot of use of PDFs and haven't yet come across PDF Expert, you really should give it a try ‚Äî it's an outstanding PDF editor for Apple devices and now includes the company's beta AI Chat application.""

Big thanks to Jonny Evans from Computerworld for highlighting PDF Expert's potential for the future of productivity üß©","https://www.computerworld.com/article/3712682/vision-pros-killer-feature-its-a-wearable-mac.html","3,734","152","3,582","2,282","114","2,167","","2.25%","84","43","38","","3","0","2","0","0","5","0","","16","","20","36","","","","","","","","","","","","","","","","","","","","","","","","","","","","","","",""
"2/22/2024 3:23 pm","1760671711694090454","X","'@Reply","Text","'@PDFExpert_"," ","https://twitter.com/PDFExpert_/status/1760671711694090454","'@dani_alv3s @jonnyevans_cw Hello Daniel! Thanks for reaching out to us, and sorry for the inconvenience you've faced. 
We've already recorded this bug, and our team is working on fixing itüîß",,"91","91","","","","","","2.2%","2","0","0","","","","","","","0","0","","","","2","2","0","","","","","","","","","","","","","","","","","","","","","","","","","","","","","",""
"1/17/2024 1:27 pm","1747596480880210178","X","'@Reply","Text","'@PDFExpert_"," ","https://twitter.com/PDFExpert_/status/1747596480880210178","Join us in a series of articles on sustainable productivity, exploring ways to maintain high levels of efficiency without compromising your well-being üßò

Enjoy and stay tuned for more ‚Äì this is just the beginning üîã",,"575","575","","","","","3,955","2.09%","12","6","6","","","","","","","0","0","","","","6","6","0","","","","","","","","","","","","","","","","","","","","","","","","","","","","","",""
"1/19/2024 11:19 am","1748289108273729541","X","'@Reply","Text","'@PDFExpert_"," ","https://twitter.com/PDFExpert_/status/1748289108273729541","'@FrancescoD_Ales @pdfexpert Thanks for an inspiring and insightful conversation, @FrancescoD_Ales ü§©‚úçÔ∏è",,"49","49","","","","","","2.04%","1","0","0","","","","","","","0","0","","","","1","1","0","","","","","","","","","","","","","","","","","","","","","","","","","","","","","",""
"1/11/2024 5:58 pm","1745490415757705400","X","'@Reply","Text","'@PDFExpert_"," ","https://twitter.com/PDFExpert_/status/1745490415757705400","'@GameDevTeacher I've added your vote to this feature request üôå 
Thanks again for your feedback!",,"51","51","","","","","","1.96%","1","0","0","","","","","","","1","0","","","","0","0","0","","","","","","","","","","","","","","","","","","","","","","","","","","","","","",""
"4/1/2024 6:25 pm","203472453481923_1216317726085605","Facebook","Post","Link","PDF Expert"," ","https://www.facebook.com/817852325932149/posts/1216317726085605","üï∞Ô∏è ""Do you manage your time, or does time manage you?"" 

In the recent blog article, our content manager, Yevheniia, shares her personal journey through the classical millennial burnout trap. 

Discover the common habits she outlines to break free from busyness and cultivate true productivity. 

A heartfelt read for anyone seeking balance amidst the chaos of endless to-do lists üìù","https://pdfexpert.com/blog/7-daily-habits","83,080","195","82,885","62,290","158","62,205","","1.87%","1,554","204","194","","8","0","1","0","1","4","5","","955","","386","1,341","","","","","","","","","","","","","","","","","","","","","","","","","","","","","","",""
"3/18/2024 3:39 pm","203472453481923_1205957147121663","Facebook","Post","Link","PDF Expert"," ","https://www.facebook.com/817852325932149/posts/1205957147121663","üèóÔ∏è üë∑‚Äç‚ôÇÔ∏è Meet Serkan √áakƒ±r, a Project Manager with an Electrical Engineering background and a dedicated PDF Expert user. 

His days are packed: overseeing multiple projects, ordering materials, managing teams, and ensuring timely delivery. To handle this demanding workload, he relies on PDF Expert.

üí≠ Favorite features? Split view and audio notes. With Split view, he can inspect project details in the architectural plan while simultaneously taking notes on the legend. With audio notes, he easily records ideas while on-site.

Discover Serkan's interview for his day-to-day PDF Expert tips on achieving workflow efficiency ‚¨áÔ∏è","https://bit.ly/3v64oq1","72,047","232","71,815","57,320","191","57,197","","1.72%","1,239","66","54","","6","1","3","0","2","2","0","","793","","378","1,171","","","","","","","","","","","","","","","","","","","","","","","","","","","","","","",""
"4/17/2024 1:26 pm","203472453481923_1227548608295850","Facebook","Post","Video","PDF Expert"," ","https://www.facebook.com/817852325932149/videos/803230657836146","üñ•Ô∏è üìè  Exciting product update: Measurement tools now available on Mac! 

We've heard your requests loud and clear, and we're thrilled to announce that the same measurement tools you use and love on iOS are now available on Mac. 

With the new ‚ÄòCalibrate,‚Äô ‚ÄòDistance,‚Äô ‚ÄòArea,‚Äô and ‚ÄòPerimeter‚Äô options on Mac, tackling measurement tasks has never been smoother. You can now enjoy uninterrupted workflows across all your devices. 

‚¨áÔ∏è Download the latest version of the PDF Expert:
bit.ly/pdfexpert_mac

üìé Click to read more on our blog: 
bit.ly/pdfe_measure","https://www.facebook.com/817852325932149/videos/803230657836146","98,761","225","98,536","78,261","176","78,205","","1.69%","1,669","60","54","","3","0","3","0","0","5","6","","1,104","","494","1,598","","","","","10,320","100","10,220","9,444","84","9,360","876","16","860","","","","","","","","","","","","","","","","2.54","",""
"2/2/2024 5:13 pm","1753451672901136824","X","'@Reply","Text","'@PDFExpert_"," ","https://twitter.com/PDFExpert_/status/1753451672901136824","'@WalkonMars_ Yay! We think so too üåüüòâ",,"180","180","","","","","","1.67%","3","1","1","","","","","","","0","0","","","","2","2","0","","","","","","","","","","","","","","","","","","","","","","","","","","","","","",""
"1/17/2024 1:43 pm","203472453481923_1164099494640762","Facebook","Post","Link","PDF Expert"," ","https://www.facebook.com/817852325932149/posts/1164099494640762","As 2024 kicks in, we're launching Sustainable Productivity Talks to set the right tone for the year. üå±

Join us in a series of articles on sustainable productivity, exploring ways to maintain high levels of efficiency without compromising your well-being. 

üåü Meet our first guest, Francesco D'Alessio, founder of ‚ÄòTool Finder‚Äô and the dynamic host of the Keep Productive Youtube show, with over 348k subscribers and more than 600 tools reviewed! 

In this article, Francesco shares insights on work/life balance, his top 3 essential apps, personal productivity tips, and delves into the impact of AI on the industry.

Enjoy and stay tuned for more ‚Äì this is just the beginning!","https://pdfexpert.com/blog/user-story-francesco","71,277","471","70,806","51,623","418","51,128","","1.62%","1,155","68","63","","4","0","1","0","0","1","2","","713","","371","1,084","","","","","","","","","","","","","","","","","","","","","","","","","","","","","","",""
"1/30/2024 5:42 pm","203472453481923_1173569710360407","Facebook","Post","Link","PDF Expert"," ","https://www.facebook.com/817852325932149/posts/1173569710360407","üåü Meet Giorgia Calvi, TikTok vlogger with 40k followers, our second guest in Sustainable Productivity Talks! 

Giorgia, a recent medicinal chemistry graduate from Italy, shares aesthetically-pleasing learning videos, and inspires her audience to romanticize studying. 

Dive into the full interview to discover her tips on content creation, productivity routine, and study motivation üìö","http://pdfexpert.com/blog/user-story-giorgia","25,425","190","25,235","19,845","162","19,682","","1.61%","410","56","52","","3","0","1","0","0","0","0","","199","","155","354","","","","","","","","","","","","","","","","","","","","","","","","","","","","","","",""
"2/28/2024 12:14 pm","1762798305279463756","X","'@Reply","Text","'@PDFExpert_"," ","https://twitter.com/PDFExpert_/status/1762798305279463756","'@dani_alv3s Hello Daniel! üëã I remember your request, and I'm sorry for the issues you're facing.

The fix for the issue hasn't been released yet; our team is still working on it üßë‚Äçüíª",,"67","67","","","","","","1.49%","1","0","0","","","","","","","0","0","","","","1","1","0","","","","","","","","","","","","","","","","","","","","","","","","","","","","","",""
"3/12/2024 1:31 pm","203472453481923_1201772417540136","Facebook","Post","Photo","PDF Expert"," ","https://www.facebook.com/817852325932149/posts/1201772417540136","üçé How about giving your iPad an upgrade with some new apps? 

We've handpicked 8 interesting productivity-boosting apps from App Store recommendations and our own discoveries: Habit Tracker, PDF Expert, Bear - Markdown Notes, Documents, Spark, Calendars, Headway, and Scanner Pro. 

Save the list and share your favorite iPad app finds or hidden gems üì±","https://www.facebook.com/photo.php?fbid=1201772110873500&set=a.817849129265802&type=3","12,963","290","12,673","6,110","248","5,859","","1.48%","192","72","64","","5","1","2","0","0","3","3","","8","","106","114","","","","","","","","","","","","","","","","","","","","","","","","","","","","","","",""
"3/4/2024 12:58 pm","203472453481923_1196499671400744","Facebook","Post","Video","PDF Expert"," ","https://www.facebook.com/817852325932149/videos/1477775659755737","üìï  The go-to app for iPad reading? You guessed it right. PDF Expert offers a delightful reading journey.

Here are 7 tips to enhance the reading experience on your iPad with PDF Expert üßê","https://www.facebook.com/817852325932149/videos/1477775659755737","101,254","299","100,955","66,164","251","65,781","","1.42%","1,435","44","32","","7","0","4","0","1","6","4","","1,090","","291","1,381","","","","","7,775","124","7,651","7,400","103","7,297","375","21","354","","","","","","","","","","","","","","","","1.93","",""
"2/15/2024 3:47 pm","1758140877745041518","X","Quote","Link","'@PDFExpert_"," ","https://twitter.com/PDFExpert_/status/1758140877745041518","'@TechCrunch You can also dive into your reading and annotate your PDFs with @PDFExpert_ üìï üñäÔ∏è ","https://twitter.com/PDFExpert_/status/1753404988636713234","72","72","","","","","","1.39%","1","0","0","","","","","","","0","0","","0","","1","1","0","","","","","","","","","","","","","","","","","","","","","","","","","","","","","",""
"2/7/2024 11:28 am","1755176754463883709","X","Quote","Link","'@PDFExpert_"," ","https://twitter.com/PDFExpert_/status/1755176754463883709","'@iupdate We don't know about the future, but it's definitely something really exciting üòâ
https://t.co/NHWKFAaSX2","https://twitter.com/PDFExpert_/status/1753404988636713234","507","507","","","","","76","1.18%","6","0","0","","","","","","","0","1","","0","","5","5","0","","","","","","","","","","","","","","","","","","","","","","","","","","","","","",""
"3/28/2024 5:44 pm","1773390782793167337","X","'@Reply","Text","'@PDFExpert_"," ","https://twitter.com/PDFExpert_/status/1773390782793167337","'@HeyMarkL Thanks again for the mention! 
Running to check DMsüèÉ üíå",,"85","85","","","","","","1.18%","1","0","0","","","","","","","0","0","","","","1","1","0","","","","","","","","","","","","","","","","","","","","","","","","","","","","","",""
"2/2/2024 6:12 pm","1753466354542256244","X","'@Reply","Text","'@PDFExpert_"," ","https://twitter.com/PDFExpert_/status/1753466354542256244","'@cleoabram Hope you'll find time to check out our PDF Expert app on iPad for reading and annotating in Vision Pro üòâ",,"86","86","","","","","","1.16%","1","1","1","","","","","","","0","0","","","","0","0","0","","","","","","","","","","","","","","","","","","","","","","","","","","","","","",""
"4/22/2024 8:47 pm","203472453481923_1231227474594630","Facebook","Post","Photo","PDF Expert"," ","https://www.facebook.com/817852325932149/posts/1231227474594630","üåé Today, the world marks #EarthDay! 

Let's talk about making a difference - starting with our paper usage. Check out our latest blog for 5 easy ways to go paperless today. From digitizing docs to e-signatures, every small change counts üìù

Read more and spread the word: bit.ly/paperless_tips_blog","https://www.facebook.com/photo.php?fbid=1231227364594641&set=a.817849129265802&type=3","24,244","239","24,005","16,455","202","16,231","","1.06%","258","55","51","","4","0","0","0","0","1","1","","107","","94","201","","","","","","","","","","","","","","","","","","","","","","","","","","","","","","",""
"2/26/2024 3:25 pm","203472453481923_1192108645173180","Facebook","Post","Link","PDF Expert"," ","https://www.facebook.com/817852325932149/posts/1192108645173180","üì±üí° Unlock the full potential of your iPad with PDF Expert! Besides note-taking, it provides options to create PDFs from photos, scan documents, merge files, and much more. 

Bookmark this guide and discover all the tips üßê","https://pdfexpert.com/blog/how-to-take-notes-on-ipad","35,980","189","35,791","29,818","147","29,615","","0.9%","325","24","22","","1","0","1","0","0","2","2","","199","","98","297","","","","","","","","","","","","","","","","","","","","","","","","","","","","","","",""
"2/28/2024 8:45 am","7340555888043887877","TikTok","Post","Video","pdfexpert"," ","https://www.tiktok.com/@pdfexpert/video/7340555888043887877?utm_campaign=tt4d_open_api&utm_source=7036369194396418050","ü§î üìñ The go-to app for iPad reading? You guessed it right. PDF Expert offers a delightful reading journey. Here are 7 tips to enhance the reading experience on your iPad with  PDF Expert.  #pdfexpert #ipadapps #studygram #studywithme #studytok #ipadtips #productivitytips #readdle ",,"60,798","","","46,967","","","","0.82%","497","460","460","","","","","","","9","28","","","","","","","","","","60,798","","","","","","","","","0.02","0","9,970","","607","0","3","","","","","","","","","8.19","",""
"2/7/2024 11:32 am","1755177722370805860","X","Quote","Link","'@PDFExpert_"," ","https://twitter.com/PDFExpert_/status/1755177722370805860","'@tim_cook ","https://twitter.com/PDFExpert_/status/1753404988636713234","126","126","","","","","","0.79%","1","0","0","","","","","","","0","0","","0","","1","1","0","","","","","","","","","","","","","","","","","","","","","","","","","","","","","",""
"2/2/2024 10:53 am","1753355923190432238","X","'@Reply","Text","'@PDFExpert_"," ","https://twitter.com/PDFExpert_/status/1753355923190432238","'@raywongy That's how our reality will look really soon. üôÉüëÄ",,"131","131","","","","","","0.76%","1","1","1","","","","","","","0","0","","","","0","0","0","","","","","","","","","","","","","","","","","","","","","","","","","","","","","",""
"2/1/2024 5:30 pm","203472453481923_1174948730222505","Facebook","Post","Video","PDF Expert"," ","https://www.facebook.com/817852325932149/videos/24557862657190474","üì±‚ú® Ready to unlock new dimensions of productivity with PDF Expert?

Stay tuned for some exciting news tomorrow ü§´","https://www.facebook.com/817852325932149/videos/24557862657190474","36,661","240","36,421","25,989","200","25,737","","0.63%","231","49","39","","6","0","4","0","0","0","4","","3","","175","178","","","","","7,962","58","7,904","5,222","34","5,188","2,740","24","2,716","","","","","","","","","","","","","","","","3.33","",""
"1/11/2024 11:11 am","203472453481923_1159849308399114","Facebook","Post","Video","PDF Expert"," ","https://www.facebook.com/817852325932149/videos/357614510216415","We're absolutely delighted to unwrap the BETA version of our AI Chat on iOS! üéâ

It‚Äôs available to users with a PDF Expert Premium subscription or users starting a Free Trial. Check out the quick start tutorial and give it a go üì±

üîó http://apple.co/4aRjBuU","https://www.facebook.com/817852325932149/videos/357614510216415","11,916","333","11,583","8,131","300","7,870","","0.61%","73","13","8","","3","0","2","0","0","2","2","","5","","51","56","","","","","2,942","99","2,843","2,247","83","2,164","695","16","679","","","","","","","","","","","","","","","","4.16","",""
"2/2/2024 2:21 pm","203472453481923_1175528363497875","Facebook","Post","Video","PDF Expert"," ","https://www.facebook.com/817852325932149/videos/7202938049814037","The future is here! PDF Expert, a pioneer on the original App Store in '08, is now among the first on #AppleVisionPro üçé

Our iPad app is fully compatible with visionOS, bringing beloved PDF reading and editing options to Vision Pro users. 

üëÄ Extend your PDF editing canvas: work on multiple documents at once with immersive focus and precision. Open as many PDFs as needed. Dive into text, scroll with your hands, and enjoy an infinite space for project creation. 

Download PDF Expert for Apple Vision Pro on the App Store and enter a new era of productivity üì≤ 
apple.co/4aRjBuU

Check out our blog for more insights on Apple Vision Pro + PDF Expert possibilities: 
bit.ly/blog_visionpro üßê","https://www.facebook.com/817852325932149/videos/7202938049814037","43,555","383","43,172","30,151","336","29,874","","0.61%","264","23","15","","2","1","5","0","0","8","4","","108","","121","229","","","","","10,051","140","9,911","9,465","132","9,333","586","8","578","","","","","","","","","","","","","","","","3.47","",""
"2/5/2024 10:00 am","7332040200689945862","TikTok","Post","Video","pdfexpert"," ","https://www.tiktok.com/@pdfexpert/video/7332040200689945862?utm_campaign=tt4d_open_api&utm_source=7036369194396418050","The future is here! PDF Expert, a pioneer on the original App Store in '08, is now among the first on Apple Vision Pro üçé Our iPad app is fully compatible with visionOS, bringing beloved PDF reading and editing options to Vision Pro users.  üëÄ Extend your PDF editing canvas: work on multiple documents at once with immersive focus and precision. Open as many PDFs as needed, at any scale. Dive into text, scroll with your hands, and enjoy an infinite space for project creation.  Download PDF Expert for Apple Vision Pro on the App Store and enter a new era of productivity üì≤ #visionpro #readdle #applevisionpro #pdfexpert ",,"2,023","","","1,692","","","","0.59%","12","11","11","","","","","","","0","1","","","","","","","","","","2,023","","","","","","","","","0.01","2","1,029","","208","0","2","","","","","","","","","4.06","",""
"1/11/2024 12:00 pm","7322793975054748934","TikTok","Post","Video","pdfexpert"," ","https://www.tiktok.com/@pdfexpert/video/7322793975054748934?utm_campaign=tt4d_open_api&utm_source=7036369194396418050","We're absolutely delighted to unwrap the BETA version of our AI Chat on iOS! üéâ  üí¨ Think of it as your mini AI assistant, specializing in 5 key actions: generating summaries, hashtags, and keywords, answering questions, and listing main points. It‚Äôs available to users with a PDF Expert Premium subscription or users starting a Free Trial. Check out the quick start tutorial and give it a go üì±  #pdfexpert #pdfexpertapp #askyourpdf #aitools #readdle ",,"5,266","","","4,469","","","","0.46%","24","18","18","","","","","","","0","6","","","","","","","","","","5,266","","","","","","","","","0.01","63","4,665","","300","0","2","","","","","","","","","2.83","",""
"4/18/2024 1:12 pm","1780917432472711239","X","'@Reply","Text","'@PDFExpert_"," ","https://twitter.com/PDFExpert_/status/1780917432472711239","'@KVD2280 Awesome to hear you're loving PDF Expert and this update! Your positive feedback means a lot. Thanks for sharing ü´∂",,"69","69","","","","","","0%","0","0","0","","","","","","","0","0","","","","0","0","0","","","","","","","","","","","","","","","","","","","","","","","","","","","","","",""
"4/17/2024 11:35 am","1780530634630328709","X","'@Reply","Text","'@PDFExpert_"," ","https://twitter.com/PDFExpert_/status/1780530634630328709","'@velvet_shark @Yazanator Thanks for the spotlight mention, Radek ü´∂ 
We appreciate it and are glad you found our app useful",,"44","44","","","","","","0%","0","0","0","","","","","","","0","0","","","","0","0","0","","","","","","","","","","","","","","","","","","","","","","","","","","","","","",""
"4/17/2024 11:07 am","1780523580616331275","X","'@Reply","Text","'@PDFExpert_"," ","https://twitter.com/PDFExpert_/status/1780523580616331275","'@Model3Owners @The_real_FredF Thanks for the spotlight mention ü´∂  We appreciate it and are glad you found our app useful. We do our best to make PDFs easy üì∞",,"24","24","","","","","","0%","0","0","0","","","","","","","0","0","","","","0","0","0","","","","","","","","","","","","","","","","","","","","","","","","","","","","","",""
"4/15/2024 10:04 am","1779782886033395921","X","'@Reply","Text","'@PDFExpert_"," ","https://twitter.com/PDFExpert_/status/1779782886033395921","'@dailen Hello Dailen üëã Thanks for reaching out to us. Could you please send this message to our support team at rdsupport@readdle.com? They will assist you as soon as possible and cover all the details üìß",,"14","14","","","","","","0%","0","0","0","","","","","","","0","0","","","","0","0","0","","","","","","","","","","","","","","","","","","","","","","","","","","","","","",""
"3/6/2024 4:59 pm","1765406810532429918","X","'@Reply","Text","'@PDFExpert_"," ","https://twitter.com/PDFExpert_/status/1765406810532429918","'@eduardomederosr @Readdle Hello Eduardo! üëã 

Our support team is ready to assist you. To further investigate the request, they require a screenshot of the invoice you received after the purchase and your email address. 

Could you please share it with us at rdsupport@readdle.com?",,"51","51","","","","","","0%","0","0","0","","","","","","","0","0","","","","0","0","0","","","","","","","","","","","","","","","","","","","","","","","","","","","","","",""
"2/22/2024 3:26 pm","1760672312003903667","X","'@Reply","Text","'@PDFExpert_"," ","https://twitter.com/PDFExpert_/status/1760672312003903667","'@travislogue Hello Travis! Thanks for your message, and sorry for the issues you've faced. Could you please send this message to the support team at rdsupport@readdle.com? This situation might require some additional technical investigation üîßüëÄ",,"29","29","","","","","","0%","0","0","0","","","","","","","0","0","","","","0","0","0","","","","","","","","","","","","","","","","","","","","","","","","","","","","","",""
"1/26/2024 1:56 pm","1750865169465352677","X","'@Reply","Text","'@PDFExpert_"," ","https://twitter.com/PDFExpert_/status/1750865169465352677","'@Noobcoder6 Hello! There's no daily limit, but there's a monthly limit of 200 queries üôå",,"24","24","","","","","","0%","0","0","0","","","","","","","0","0","","","","0","0","0","","","","","","","","","","","","","","","","","","","","","","","","","","","","","",""
"1/22/2024 12:14 pm","1749389959394451618","X","'@Reply","Text","'@PDFExpert_"," ","https://twitter.com/PDFExpert_/status/1749389959394451618","'@Novacula_Occami If you have specific suggestions or feedback, please don't hesitate reaching out to us at rdsupport@readdle.com üåü",,"9","9","","","","","","0%","0","0","0","","","","","","","0","0","","","","0","0","0","","","","","","","","","","","","","","","","","","","","","","","","","","","","","",""
"1/22/2024 12:12 pm","1749389596964573394","X","'@Reply","Text","'@PDFExpert_"," ","https://twitter.com/PDFExpert_/status/1749389596964573394","'@Novacula_Occami Hello! Nice to hear your feedback about AI Chatüëã",,"26","26","","","","","","0%","0","0","0","","","","","","","0","0","","","","0","0","0","","","","","","","","","","","","","","","","","","","","","","","","","","","","","",""
"1/22/2024 11:46 am","1749383132871074291","X","'@Reply","Text","'@PDFExpert_"," ","https://twitter.com/PDFExpert_/status/1749383132871074291","'@GwenUpdike71735 Thanks for your feedback ‚ù§Ô∏è",,"32","32","","","","","","0%","0","0","0","","","","","","","0","0","","","","0","0","0","","","","","","","","","","","","","","","","","","","","","","","","","","","","","",""
"1/17/2024 2:22 pm","1747610449099579593","X","'@Reply","Text","'@PDFExpert_"," ","https://twitter.com/PDFExpert_/status/1747610449099579593","'@DudleyNYC @jessesingal Hello Dudley! üëã 

Happy to hear PDF Expert is working well for you. However, if you're still experiencing any RAM usage issues, please reach out to our support team at rdsupport@readdle.com

They're ready to assist and ensure smooth performance üõº",,"24","24","","","","","","0%","0","0","0","","","","","","","0","0","","","","0","0","0","","","","","","","","","","","","","","","","","","","","","","","","","","","","","",""
"4/22/2024 8:43 pm","203472453481923_1231225831261461","Facebook","Post","Link","PDF Expert"," ","https://www.facebook.com/817852325932149/posts/1231225831261461","üåé Today, the world marks Earth Day! 

Let's talk about making a difference - starting with our paper usage. Check out our latest blog for 5 easy ways to go paperless today.

 From digitizing docs to e-signatures, every small change counts üìù

Read more and spread the word üå±","https://bit.ly/paperless_tips_blog","","","","","","","","","","","","","","","","","","","","","","","","","","","","","","","","","","","","","","","","","","","","","","","","","","","","","","",""
"4/22/2024 6:22 pm","1782444770641539473","X","Post","Photo","'@PDFExpert_"," ","https://twitter.com/PDFExpert_/status/1782444770641539473","PDF Expert is your all-in-one solution for going paperless on iPhone, iPad, and Mac üìÑ

With high-quality scans, OCR for recognizing text, e-signatures, and advanced annotating tools, managing PDFs has never been easier. Merge, compress, and share files with ease.

Download the‚Ä¶ https://t.co/Jioq1gromi","https://twitter.com/PDFExpert_/status/1782444770641539473/photo/1","","","","","","","4,038","","","","","","","","","","","","","","","","","","","","","","","","","","","","","","","","","","","","","","","","","","","","","","","",""
"4/22/2024 5:12 pm","1782427386430066917","X","Post","Photo","'@PDFExpert_"," ","https://twitter.com/PDFExpert_/status/1782427386430066917","PDF Expert is your all-in-one solution for going paperless on iPhone, iPad, and Mac üìÑ

With high-quality scans, OCR for recognizing text, e-signatures, and advanced annotating tools, managing PDFs has never been easier. Merge, compress, and share files with ease.

Download the‚Ä¶ https://t.co/NjJPH3ZBsX","https://twitter.com/PDFExpert_/status/1782427386430066917/photo/1","","","","","","","4,038","","","","","","","","","","","","","","","","","","","","","","","","","","","","","","","","","","","","","","","","","","","","","","","",""
"4/22/2024 5:07 pm","203472453481923_1231103434607034","Facebook","Post","Photo","PDF Expert"," ","https://www.facebook.com/817852325932149/posts/1231103434607034","üåé Today, the world marks #EarthDay! Let's talk about making a difference - starting with our paper usage. 

Check out our latest blog for 5 easy ways to go paperless today. From digitizing docs to e-signatures, every small change counts üìù

Read more and spread the word: bit.ly/paperless_tips_blog","https://www.facebook.com/photo.php?fbid=1231102974607080&set=a.817849129265802&type=3","0","0","0","0","0","0","","","4","4","2","","1","0","1","0","0","0","0","","","","0","0","","","","","","","","","","","","","","","","","","","","","","","","","","","","","","",""
"4/22/2024 12:03 pm","1782349559173185880","X","Post","Link","'@PDFExpert_"," ","https://twitter.com/PDFExpert_/status/1782349559173185880","Ready to unlock a new level of precision?

Read our blog and learn how to harness the full potential of PDF Expert's Measurement tools on Mac ¬† üíª üîç

https://t.co/eMIIa0to1J","https://bit.ly/measurementtools_blog","","","","","","","4,040","","","","","","","","","","","","","","","","","","","","","","","","","","","","","","","","","","","","","","","","","","","","","","","",""
"4/18/2024 10:42 am","1780879441037611381","X","Post","Photo","'@PDFExpert_"," ","https://twitter.com/PDFExpert_/status/1780879441037611381","Read our blog and learn how to harness the full potential of @PDFExpert_ Measurement tools on Mac üíª üîç 

https://t.co/RAmxDvQ1a4

Enjoy uninterrupted workflows across all your devices üìù https://t.co/3NePZa7iM9","http://bit.ly/measurementtools_blog, https://twitter.com/PDFExpert_/status/1780879441037611381/photo/1","","","","","","","4,038","","","","","","","","","","","","","","","","","","","","","","","","","","","","","","","","","","","","","","","","","","","","","","","",""
"4/17/2024 1:07 pm","1780553594598486150","X","Post","Video","'@PDFExpert_"," ","https://twitter.com/PDFExpert_/status/1780553594598486150","Measurement tools are now on Mac üñ•Ô∏è üìè

We've heard your requests loud and clear, and we're thrilled to announce that the same measurement tools you use and love on iOS are now available on Mac.

‚¨áÔ∏è Download the latest version of the PDF Expert: https://t.co/VrkQiU8sMD

üì∞ Read‚Ä¶ https://t.co/JWEmZmlz4w","http://bit.ly/measurement_tools_mac, https://twitter.com/PDFExpert_/status/1780553594598486150/video/1","","","","","","","4,035","","","","","","","","","","","","","","","","","","","","","","","","","","","","","","","","","","","","","","","","","","","","","","","",""
"4/12/2024 6:35 pm","1778824224230015094","X","Post","Photo","'@PDFExpert_"," ","https://twitter.com/PDFExpert_/status/1778824224230015094","https://t.co/VB2LLCJ5tq","https://twitter.com/PDFExpert_/status/1778824224230015094/photo/1","","","","","","","4,039","","","","","","","","","","","","","","","","","","","","","","","","","","","","","","","","","","","","","","","","","","","","","","","",""
"4/10/2024 2:05 pm","1778031430171275747","X","Post","Video","'@PDFExpert_"," ","https://twitter.com/PDFExpert_/status/1778031430171275747","""Oh, I just love tax season,"" said no one ever üôÉ

Don't worry! We've got your back with our step-by-step guide for filling out tax forms. 

Check it out here: 
https://t.co/OjZt56gR1M

And make sure to avoid common mistakes: 

üìù Misspelling names or using incorrect SSN
üíµ‚Ä¶ https://t.co/9PNxsjjYOq","http://bit.ly/taxseason_guide, https://twitter.com/PDFExpert_/status/1778031430171275747/video/1","","","","","","","4,041","","","","","","","","","","","","","","","","","","","","","","","","","","","","","","","","","","","","","","","","","","","","","","","",""
"4/1/2024 6:18 pm","203472453481923_1216314206085957","Facebook","Post","Link","PDF Expert"," ","https://www.facebook.com/817852325932149/posts/1216314206085957","üï∞Ô∏è ""Do you manage time, or does time manage you?"" 

In the recent blog article, our content manager, Yevheniia, shares her personal journey through the classical millennial burnout trap. Discover the common habits she outlines to break free from busyness and cultivate true productivity. 

A heartfelt read for anyone seeking balance amidst the chaos of endless to-do lists üìù","https://pdfexpert.com/blog/7-daily-habits?utm_source=facebook&utm_medium=social_media&utm_campaign=dailyhabits","","","","","","","","","","","","","","","","","","","","","","","","","","","","","","","","","","","","","","","","","","","","","","","","","","","","","","",""
"4/1/2024 3:55 pm","1774797856215347587","X","Post","Link","'@PDFExpert_","Readdle Inc.","https://twitter.com/PDFExpert_/status/1774797856215347587","üï∞Ô∏è ""Do you manage time, or does time manage you?""

In this article, our content manager, Yevheniia, shares her journey through the classical millennial burnout trap.

Learn the key habits to break free from busyness and cultivate productivity ‚ö°Ô∏è

https://t.co/RsmxPSktRO","https://pdfexpert.com/blog/7-daily-habits?utm_source=twitter&utm_medium=social_media&utm_campaign=dailyhabits","","","","","","","4,021","","","","","","","","","","","","","","","","","","","","","","","","","","","","","","","","","","","","","","","","","","","","","","","",""
"4/1/2024 3:17 pm","1774788232007274573","X","Post","Photo","'@PDFExpert_"," ","https://twitter.com/PDFExpert_/status/1774788232007274573","üï∞Ô∏è ""Do you manage time, or does time manage you?""

In this article, our content manager, Yevheniia, shares her journey through the classical millennial burnout trap.

Learn the key habits to break free from busyness and cultivate productivity ‚ö°Ô∏è

https://t.co/iIoJD0Ehe9 https://t.co/7L2jyaqWDn","http://bit.ly/pdfe_habits, https://twitter.com/PDFExpert_/status/1774788232007274573/photo/1","","","","","","","4,053","","","","","","","","","","","","","","","","","","","","","","","","","","","","","","","","","","","","","","","","","","","","","","","",""
"4/1/2024 3:14 pm","1774787431096578481","X","Post","Link","'@PDFExpert_"," ","https://twitter.com/PDFExpert_/status/1774787431096578481","üï∞Ô∏è ""Do you manage time, or does time manage you?""

In this article, our content manager, Yevheniia, shares her journey through the classical millennial burnout trap.

Learn the key habits to break free from busyness and cultivate productivity ‚ö°Ô∏è

https://t.co/iIoJD0Ehe9","http://bit.ly/pdfe_habits","","","","","","","4,027","","","","","","","","","","","","","","","","","","","","","","","","","","","","","","","","","","","","","","","","","","","","","","","",""
"3/27/2024 10:53 am","1772925004394516727","X","Post","Link","'@PDFExpert_"," ","https://twitter.com/PDFExpert_/status/1772925004394516727","Tackling tax forms can be a headache ü§ï

However, with simple rules, the right tools, and qualified help, it can be manageable. We've compiled an IRS tax guide with tips, links to templates, and advice on avoiding common mistakes.

Check it out üíº

https://t.co/haONKdLdyv","https://pdfexpert.com/blog/fill-out-tax-forms-2023?utm_source=twitter&utm_medium=social_media&utm_campaign=taxseason","","","","","","","4,019","","","","","","","","","","","","","","","","","","","","","","","","","","","","","","","","","","","","","","","","","","","","","","","",""
"3/27/2024 10:52 am","1772924771753156795","X","Post","Link","'@PDFExpert_"," ","https://twitter.com/PDFExpert_/status/1772924771753156795","Tackling tax forms can be a headache ü§ï

However, with simple rules, the right tools, and qualified help, it can be manageable. We've compiled an IRS tax guide with tips, links to templates, and advice on avoiding common mistakes.

Check it out üíº

https://t.co/haONKdLdyv","https://pdfexpert.com/blog/fill-out-tax-forms-2023?utm_source=twitter&utm_medium=social_media&utm_campaign=taxseason","","","","","","","4,018","","","","","","","","","","","","","","","","","","","","","","","","","","","","","","","","","","","","","","","","","","","","","","","",""
"3/20/2024 5:13 pm","1770483834942857285","X","Post","Photo","'@PDFExpert_"," ","https://twitter.com/PDFExpert_/status/1770483834942857285","üë∑‚Äç‚ôÇÔ∏è Meet Serkan @53rkan, a PM with an Electrical Engineering background and a devoted PDF Expert user.

His days are busy: overseeing projects, managing teams, and ensuring timely delivery. All with PDF Expert, a game-changer in his toolkit ‚¨áÔ∏è

https://t.co/ZPlb2QD4Cz https://t.co/KbgUQft0Zb","https://bit.ly/measure_tools, https://twitter.com/PDFExpert_/status/1770483834942857285/photo/1","","","","","","","4,023","","","","","","","","","","","","","","","","","","","","","","","","","","","","","","","","","","","","","","","","","","","","","","","",""
"3/18/2024 5:14 pm","1769759174617973194","X","Post","Link","'@PDFExpert_"," ","https://twitter.com/PDFExpert_/status/1769759174617973194","üë∑‚Äç‚ôÇÔ∏è Meet Serkan @53rkan, a Project Manager with an Electrical Engineering background and a devoted PDF Expert user.

His days are busy: overseeing projects, managing teams, and ensuring timely delivery. All with PDF Expert, a game-changer in his toolkit ‚¨áÔ∏è

https://t.co/J97pShWXz6","https://pdfexpert.com/blog/user-story-serkan?utm_source=twitter&utm_medium=social_media&utm_campaign=measurementtools","","","","","","","4,021","","","","","","","","","","","","","","","","","","","","","","","","","","","","","","","","","","","","","","","","","","","","","","","",""
"3/18/2024 3:50 pm","1769738237499584878","X","Post","Link","'@PDFExpert_"," ","https://twitter.com/PDFExpert_/status/1769738237499584878","Meet Serkan @53rkan, a Project Manager with an Electrical Engineering background and a devoted PDF Expert user üë∑‚Äç‚ôÇÔ∏è

His days are busy overseeing projects, managing teams, and ensuring timely delivery. All with PDF Expert, a game-changer in his toolkit ‚¨áÔ∏è

https://t.co/mzHYGT9pQ6","https://pdfexpert.com/blog/user-story-serkan","","","","","","","4,021","","","","","","","","","","","","","","","","","","","","","","","","","","","","","","","","","","","","","","","","","","","","","","","",""
"3/18/2024 3:48 pm","1769737655766425619","X","Post","Link","'@PDFExpert_"," ","https://twitter.com/PDFExpert_/status/1769737655766425619","Meet Serkan @53rkan, a Project Manager with an Electrical Engineering background and a devoted PDF Expert user üë∑‚Äç‚ôÇÔ∏è

His days are busy overseeing projects, managing teams, and ensuring timely delivery. All with PDF Expert, a game-changer in his toolkit ‚¨áÔ∏è

https://t.co/J97pShWXz6","https://pdfexpert.com/blog/user-story-serkan?utm_source=twitter&utm_medium=social_media&utm_campaign=measurementtools","","","","","","","4,021","","","","","","","","","","","","","","","","","","","","","","","","","","","","","","","","","","","","","","","","","","","","","","","",""
"3/18/2024 3:20 pm","203472453481923_1205944347122943","Facebook","Post","Link","PDF Expert"," ","https://www.facebook.com/817852325932149/posts/1205944347122943","üèóÔ∏è üë∑‚Äç‚ôÇÔ∏è Meet Serkan √áakƒ±r, a Project Manager with an Electrical Engineering background and a dedicated PDF Expert user. 

His days are packed: overseeing multiple projects, ordering materials, managing teams, and ensuring timely delivery. To handle this demanding workload, he relies on PDF Expert.

üí≠ Favorite features? Split view and audio notes. With Split view, he can inspect project details in the architectural plan while simultaneously taking notes on the legend. With audio notes, he easily records ideas while on-site.

Discover Serkan's interview for his day-to-day PDF Expert tips on achieving workflow efficiency ‚¨áÔ∏è","https://pdfexpert.com/blog/user-story-serkan","","","","","","","","","","","","","","","","","","","","","","","","","","","","","","","","","","","","","","","","","","","","","","","","","","","","","","",""
"3/18/2024 3:16 pm","1769729548235526342","X","Post","Link","'@PDFExpert_"," ","https://twitter.com/PDFExpert_/status/1769729548235526342","üë∑‚Äç‚ôÇÔ∏è Meet Serkan @53rkan, a Project Manager with an Electrical Engineering background and a devoted PDF Expert user.

His days are busy overseeing projects, managing teams, and ensuring timely delivery. All with PDF Expert, a game-changer in his toolkit ‚¨áÔ∏è

https://t.co/mzHYGT9pQ6","https://pdfexpert.com/blog/user-story-serkan","","","","","","","4,021","","","","","","","","","","","","","","","","","","","","","","","","","","","","","","","","","","","","","","","","","","","","","","","",""
"3/18/2024 3:14 pm","1769729199684649214","X","Post","Link","'@PDFExpert_"," ","https://twitter.com/PDFExpert_/status/1769729199684649214","üë∑‚Äç‚ôÇÔ∏è Meet Serkan @53rkan, a Project Manager with an Electrical Engineering background and a devoted PDF Expert user.

His days are busy overseeing projects, managing teams, and ensuring timely delivery. All with PDF Expert, a game-changer in his toolkit ‚¨áÔ∏è
https://t.co/J97pShWXz6","https://pdfexpert.com/blog/user-story-serkan?utm_source=twitter&utm_medium=social_media&utm_campaign=measurementtools","","","","","","","4,021","","","","","","","","","","","","","","","","","","","","","","","","","","","","","","","","","","","","","","","","","","","","","","","",""
"3/18/2024 3:13 pm","1769728840425754633","X","Post","Link","'@PDFExpert_"," ","https://twitter.com/PDFExpert_/status/1769728840425754633","Meet Serkan @53rkan, a Project Manager with an Electrical Engineering background and a devoted PDF Expert user üë∑‚Äç‚ôÇÔ∏è

His days are busy overseeing projects, managing teams, and ensuring timely delivery. All with PDF Expert, a game-changer in his toolkit ‚¨áÔ∏è

https://t.co/J97pShWXz6","https://pdfexpert.com/blog/user-story-serkan?utm_source=twitter&utm_medium=social_media&utm_campaign=measurementtools","","","","","","","4,021","","","","","","","","","","","","","","","","","","","","","","","","","","","","","","","","","","","","","","","","","","","","","","","",""
"3/18/2024 3:12 pm","1769728542000996729","X","Post","Link","'@PDFExpert_"," ","https://twitter.com/PDFExpert_/status/1769728542000996729","Meet Serkan @53rkan, a Project Manager with an Electrical Engineering background and a devoted PDF Expert user üë∑‚Äç‚ôÇÔ∏è

His days are busy overseeing projects, managing teams, and ensuring timely delivery. All with PDF Expert, a game-changer in his toolkit ‚¨áÔ∏è

https://t.co/ZPlb2QD4Cz","https://bit.ly/measure_tools","","","","","","","4,021","","","","","","","","","","","","","","","","","","","","","","","","","","","","","","","","","","","","","","","","","","","","","","","",""
"3/18/2024 3:09 pm","1769727734580642174","X","Post","Link","'@PDFExpert_"," ","https://twitter.com/PDFExpert_/status/1769727734580642174","Meet Serkan @53rkan, a Project Manager with an Electrical Engineering background and devoted PDF Expert user.

His days are busy: overseeing projects, managing teams, and ensuring timely delivery. All with PDF Expert, a game-changer in Serkan's toolkit üë∑‚Äç‚ôÇÔ∏è

https://t.co/FbQVaVr2qA","http://bit.ly/measurement_tools","","","","","","","4,021","","","","","","","","","","","","","","","","","","","","","","","","","","","","","","","","","","","","","","","","","","","","","","","",""
"3/12/2024 12:29 pm","1767513307269726694","X","Post","Photo","'@PDFExpert_"," ","https://twitter.com/PDFExpert_/status/1767513307269726694","How about giving your iPad an upgrade with some new apps? üçè

We've handpicked 8 productivity-boosting apps from Apple Store recommendations and our own discoveries.

Share your favorite iPad app finds or hidden gems üì± https://t.co/HkygUAg6zv","https://twitter.com/PDFExpert_/status/1767513307269726694/photo/1","","","","","","","4,018","","","","","","","","","","","","","","","","","","","","","","","","","","","","","","","","","","","","","","","","","","","","","","","",""
"2/29/2024 3:01 pm","1763202923394158780","X","Post","Link","'@PDFExpert_"," ","https://twitter.com/PDFExpert_/status/1763202923394158780","Leap day?
Well, finally, an extra day to do your taxes üóìÔ∏èüíº

https://t.co/mC6H41iBR0","https://pdfexpert.com/blog/fill-out-tax-forms-2023","","","","","","","4,010","","","","","","","","","","","","","","","","","","","","","","","","","","","","","","","","","","","","","","","","","","","","","","","",""
"2/28/2024 9:40 am","203472453481923_1193191995064845","Facebook","Reel","Video","PDF Expert"," ","https://www.facebook.com/817852325932149/posts/1193191995064845","üìñ ü§î  The go-to app for iPad reading? You guessed it right. PDF Expert offers a delightful reading journey. 

Here are 7 tips to enhance the reading experience on your iPad with PDF Expert üîñ","https://www.facebook.com/reel/1536548313866480/","","","","","","","","","","","","","","","","","","","","","","","","","","","","","","","","","","","","","","","","","","","","","","","","","","","","","","",""
"2/28/2024 9:32 am","203472453481923_1193188155065229","Facebook","Post","Video","PDF Expert"," ","https://www.facebook.com/817852325932149/posts/1193188155065229","üìñ ü§î  The go-to app for iPad reading? You guessed it right. PDF Expert offers a delightful reading journey. 

Here are 7 tips to enhance the reading experience on your iPad with PDF Expert üîñ","https://www.facebook.com/817852325932149/videos/7344638355617859","","","","","","","","","","","","","","","","","","","","","","","","","","","","","","","","","","","","","","","","","","","","","","","","","","","","","","",""
"2/28/2024 9:29 am","203472453481923_1193186771732034","Facebook","Post","Video","PDF Expert"," ","https://www.facebook.com/817852325932149/posts/1193186771732034","üìñ ü§î  The go-to app for iPad reading? You guessed it right. PDF Expert offers a delightful reading journey. 

Here are 7 tips to enhance the reading experience on your iPad with PDF Expert üîñ","https://www.facebook.com/817852325932149/videos/904451118135143","","","","","","","","","","","","","","","","","","","","","","","","","","","","","","","","","","","","","","","","","","","","","","","","","","","","","","",""
"2/28/2024 9:24 am","203472453481923_1193184998398878","Facebook","Reel","Video","PDF Expert"," ","https://www.facebook.com/817852325932149/posts/1193184998398878","üìñ ü§î  The go-to app for iPad reading? You guessed it right. PDF Expert offers a delightful reading journey. 

Here are 7 tips to enhance the reading experience on your iPad with PDF Expert üîñ","https://www.facebook.com/reel/784247963755435/","","","","","","","","","","","","","","","","","","","","","","","","","","","","","","","","","","","","","","","","","","","","","","","","","","","","","","",""
"2/26/2024 3:24 pm","203472453481923_1192108238506554","Facebook","Post","Text","PDF Expert"," ","https://www.facebook.com/817852325932149/posts/1192108238506554","üì±üí° Unlock the full potential of your iPad with PDF Expert! Besides note-taking, it provides options to create PDFs from photos, scan documents, merge files, and much more. 

Bookmark this guide and discover all the tips üßêhttps://pdfexpert.com/blog/how-to-take-notes-on-ipad",,"","","","","","","","","","","","","","","","","","","","","","","","","","","","","","","","","","","","","","","","","","","","","","","","","","","","","","",""
"2/20/2024 6:11 pm","1759989225062060345","X","Post","Text","'@PDFExpert_"," ","https://twitter.com/PDFExpert_/status/1759989225062060345","""If you make a lot of use of PDFs and haven't yet come across PDF Expert, you really should give it a try ‚Äî it's an outstanding PDF editor for Apple devices and now includes the company's beta AI Chat application.""

Big thanks to @jonnyevans_cw for highlighting PDF Expert's‚Ä¶",,"","","","","","","3,988","","","","","","","","","","","","","","","","","","","","","","","","","","","","","","","","","","","","","","","","","","","","","","","",""
"2/20/2024 6:11 pm","1759989175221100568","X","Post","Text","'@PDFExpert_"," ","https://twitter.com/PDFExpert_/status/1759989175221100568","""If you make a lot of use of PDFs and haven't yet come across PDF Expert, you really should give it a try ‚Äî it's an outstanding PDF editor for Apple devices and now includes the company's beta AI Chat application.""

Big thanks to @jonnyevans_cw for highlighting PDF Expert's‚Ä¶",,"","","","","","","3,988","","","","","","","","","","","","","","","","","","","","","","","","","","","","","","","","","","","","","","","","","","","","","","","",""
"2/15/2024 4:06 pm","1758145787563814964","X","Post","Link","'@PDFExpert_"," ","https://twitter.com/PDFExpert_/status/1758145787563814964","üìù Elevate your iPad note-taking with PDF Expert!  

Draft to-do lists, capture book impressions, scan documents, merge files, sync with cloud storage, and more. Dive into our blog for the full guide üì≤üí°https://t.co/ycmsT1rGjI","https://pdfexpert.com/blog/how-to-take-notes-on-ipad","","","","","","","3,983","","","","","","","","","","","","","","","","","","","","","","","","","","","","","","","","","","","","","","","","","","","","","","","",""
"2/15/2024 11:06 am","1758070264221356375","X","'@Reply","Video","'@PDFExpert_"," ","https://twitter.com/PDFExpert_/status/1758070264221356375","'@SS2_spacewrench üòâ We're glad you appreciated our hard work! https://t.co/bVrZq5K7dh","https://twitter.com/PDFExpert_/status/1758070264221356375/photo/1","","","","","","","","","","","","","","","","","","","","","","","","","","","","","","","","","","","","","","","","","","","","","","","","","","","","","","",""
"2/14/2024 4:56 pm","203472453481923_1184170335967011","Facebook","Post","Photo","PDF Expert"," ","https://www.facebook.com/photo.php?fbid=1184170335967011&set=a.817849129265802&type=3","","https://www.facebook.com/photo.php?fbid=1184170335967011&set=a.817849129265802&type=3","","","","","","","","","","","","","","","","","","","","","","","","","","","","","","","","","","","","","","","","","","","","","","","","","","","","","","",""
"2/14/2024 4:56 pm","203472453481923_1184170232633688","Facebook","Post","Photo","PDF Expert"," ","https://www.facebook.com/photo.php?fbid=1184170232633688&set=a.817849129265802&type=3","","https://www.facebook.com/photo.php?fbid=1184170232633688&set=a.817849129265802&type=3","","","","","","","","","","","","","","","","","","","","","","","","","","","","","","","","","","","","","","","","","","","","","","","","","","","","","","",""
"2/14/2024 4:56 pm","203472453481923_1184170732633638","Facebook","Post","Photo","PDF Expert"," ","https://www.facebook.com/photo.php?fbid=1184170732633638&set=a.817849129265802&type=3","","https://www.facebook.com/photo.php?fbid=1184170732633638&set=a.817849129265802&type=3","","","","","","","","","","","","","","","","","","","","","","","","","","","","","","","","","","","","","","","","","","","","","","","","","","","","","","",""
"2/14/2024 4:56 pm","203472453481923_1184170442633667","Facebook","Post","Photo","PDF Expert"," ","https://www.facebook.com/photo.php?fbid=1184170442633667&set=a.817849129265802&type=3","","https://www.facebook.com/photo.php?fbid=1184170442633667&set=a.817849129265802&type=3","","","","","","","","","","","","","","","","","","","","","","","","","","","","","","","","","","","","","","","","","","","","","","","","","","","","","","",""
"2/1/2024 5:24 pm","203472453481923_1174944680222910","Facebook","Post","Video","PDF Expert"," ","https://www.facebook.com/817852325932149/posts/1174944680222910","üì±‚ú® Ready to unlock new dimensions of productivity with PDF Expert?

Stay tuned for some exciting news tomorrow ü§´","https://www.facebook.com/817852325932149/videos/1552394535512624","","","","","","","","","","","","","","","","","","","","","","","","","","","","","","","","","","","","","","","","","","","","","","","","","","","","","","",""
"1/30/2024 5:24 pm","1752367274176942159","X","Post","Link","'@PDFExpert_"," ","https://twitter.com/PDFExpert_/status/1752367274176942159","üåü Meet Giorgia Calvi, TikTok vlogger with 40k followers, our second guest in Sustainable Productivity Talks!

On her vlog, she shares aesthetically-pleasing learning videos, and motivates her audience to romanticize studying üìö

üîó Read her story here:
https://t.co/Fw5T0QynP5","http://pdfexpert.com/blog/user-story-giorgia","","","","","","","3,967","","","","","","","","","","","","","","","","","","","","","","","","","","","","","","","","","","","","","","","","","","","","","","","",""
"1/30/2024 5:24 pm","1752367204102705534","X","Post","Link","'@PDFExpert_"," ","https://twitter.com/PDFExpert_/status/1752367204102705534","üåü Meet Giorgia Calvi, TikTok vlogger with 40k followers, our second guest in  Sustainable Productivity Talks!

On her vlog, she shares aesthetically-pleasing learning videos, and motivates her audience to romanticize studying. üìö

üîó Read her story here: 
https://t.co/Fw5T0QynP5","http://pdfexpert.com/blog/user-story-giorgia","","","","","","","3,967","","","","","","","","","","","","","","","","","","","","","","","","","","","","","","","","","","","","","","","","","","","","","","","",""
"1/23/2024 12:15 pm","1749752811196203511","X","Post","Photo","'@PDFExpert_"," ","https://twitter.com/PDFExpert_/status/1749752811196203511","‚ÄòIdeal for those who are PDF-hungry.‚Äô

Beautifully said, @FrancescoD_Ales! Thank you for sharing your wisdom with us and being our first guest on Sustainable Productivity Talks.üí°

üîó Dive into the full interview: https://t.co/yLHEnbA70L https://t.co/fiFZfwI8zM","http://pdfexpert.com/blog/user-story-francesco, https://twitter.com/PDFExpert_/status/1749752811196203511/photo/1","","","","","","","3,959","","","","","","","","","","","","","","","","","","","","","","","","","","","","","","","","","","","","","","","","","","","","","","","",""
"1/22/2024 12:11 pm","1749389434020127036","X","'@Reply","Text","'@PDFExpert_"," ","https://twitter.com/PDFExpert_/status/1749389434020127036","'@Novacula_Occami Hello! Nice to hear your feedback about AI Chat üëãN N",,"","","","","","","","","","","","","","","","","","","","","","","","","","","","","","","","","","","","","","","","","","","","","","","","","","","","","","",""
"1/17/2024 1:16 pm","1747593786828468652","X","'@Reply","Text","'@PDFExpert_"," ","https://twitter.com/PDFExpert_/status/1747593786828468652","Enjoy and stay tuned for more ‚Äì this is just the beginning! üìñ",,"","","","","","","3,955","","","","","","","","","","","","","","","","","","","","","","","","","","","","","","","","","","","","","","","","","","","","","","","",""
"1/17/2024 1:13 pm","1747592974223995127","X","'@Reply","Text","'@PDFExpert_"," ","https://twitter.com/PDFExpert_/status/1747592974223995127","*Sustainable productivity is the ability to maintain high levels of efficiency without compromising your well-being üßòüîã",,"","","","","","","3,955","","","","","","","","","","","","","","","","","","","","","","","","","","","","","","","","","","","","","","","","","","","","","","","",""
"1/17/2024 1:12 pm","1747592726114177479","X","Post","Link","'@PDFExpert_"," ","https://twitter.com/PDFExpert_/status/1747592726114177479","As 2024 kicks in, we're launching Sustainable Productivity Talks to set the right tone for the year üå±

Our first guest, @FrancescoD_Ales, founder of @toolfinderHQ, shares his productivity tips, insights on work/life balance, and must-have apps üåü

https://t.co/yLHEnbA70L","http://pdfexpert.com/blog/user-story-francesco","","","","","","","3,955","","","","","","","","","","","","","","","","","","","","","","","","","","","","","","","","","","","","","","","","","","","","","","","",""
"1/11/2024 10:55 am","1745383862505463968","X","Post","Video","'@PDFExpert_"," ","https://twitter.com/PDFExpert_/status/1745383862505463968","We're absolutely delighted to unwrap the BETA version of our AI Chat on iOS! üéâ

It‚Äôs available to users with a PDF Expert Premium subscription or users starting a Free Trial. Check out the quick start tutorial and give it a go üì±

üîó https://t.co/aqU3LwPsmV https://t.co/2cQqLb9KXS","http://apple.co/4aRjBuU, https://twitter.com/PDFExpert_/status/1745383862505463968/video/1","","","","","","","3,949","","","","","","","","","","","","","","","","","","","","","","","","","","","","","","","","","","","","","","","","","","","","","","","",""
